date,amount,category,type
2020-01-01,1387.850881855317,salary,income
2020-01-02,31.909706220211344,shopping,expense
2020-01-03,43.93814111210615,food,expense
2020-01-04,37.233122797139956,entertainment,expense
2020-01-05,23.77254549824695,food,expense
2020-01-06,62.35340736531498,entertainment,expense
2020-01-07,63.96499827555632,food,expense
2020-01-08,32.418982296482206,shopping,expense
2020-01-09,39.20131080922299,transport,expense
2020-01-10,23.44568208486774,shopping,expense
2020-01-11,49.68360579475865,entertainment,expense
2020-01-12,56.07560618981011,transport,expense
2020-01-13,22.466169187238364,transport,expense
2020-01-14,60.234753381580106,transport,expense
2020-01-15,32.89338971221483,transport,expense
2020-01-16,83.59583370167917,transport,expense
2020-01-17,64.69787006948677,entertainment,expense
2020-01-18,41.771580546812594,food,expense
2020-01-19,60.57497691599322,food,expense
2020-01-20,21.99589913261782,food,expense
2020-01-21,0.0,food,expense
2020-01-22,53.12756245836555,transport,expense
2020-01-23,56.63943467906965,transport,expense
2020-01-24,51.998110878048195,shopping,expense
2020-01-25,52.919232194263,shopping,expense
2020-01-26,44.51543285890938,transport,expense
2020-01-27,30.013744846997252,shopping,expense
2020-01-28,43.61984666494352,shopping,expense
2020-01-29,49.633662811142976,shopping,expense
2020-01-30,30.918765045073556,shopping,expense
2020-01-31,1895.4883713569873,salary,income
2020-02-01,30.92790773960604,transport,expense
2020-02-02,48.669429648959344,shopping,expense
2020-02-03,54.9055567555686,entertainment,expense
2020-02-04,40.39595251705963,transport,expense
2020-02-05,64.28172225905062,food,expense
2020-02-06,71.06114866030758,food,expense
2020-02-07,90.66610597206929,food,expense
2020-02-08,71.42249147569302,shopping,expense
2020-02-09,35.43686447864426,transport,expense
2020-02-10,65.73939131109991,entertainment,expense
2020-02-11,32.17733982797027,entertainment,expense
2020-02-12,73.19582490578611,shopping,expense
2020-02-13,42.46171549172208,shopping,expense
2020-02-14,47.91037307246267,shopping,expense
2020-02-15,97.11160517136412,food,expense
2020-02-16,58.920001893343716,transport,expense
2020-02-17,35.934569548730536,food,expense
2020-02-18,24.606200258537854,shopping,expense
2020-02-19,28.530646445210955,food,expense
2020-02-20,33.53763877303841,shopping,expense
2020-02-21,46.716411767589896,transport,expense
2020-02-22,57.488726519091465,entertainment,expense
2020-02-23,50.70295762849017,food,expense
2020-02-24,70.24135729407716,transport,expense
2020-02-25,4.317042850353197,entertainment,expense
2020-02-26,93.47476746936478,transport,expense
2020-02-27,68.80643241081759,transport,expense
2020-02-28,45.26715628937908,transport,expense
2020-02-29,73.00581061832321,food,expense
2020-03-01,1574.73977289535,salary,income
2020-03-02,27.514148115883383,transport,expense
2020-03-03,63.003807614615084,transport,expense
2020-03-04,47.536435703799015,transport,expense
2020-03-05,72.38525889550526,entertainment,expense
2020-03-06,68.88981944782394,transport,expense
2020-03-07,36.21541859566287,transport,expense
2020-03-08,51.447551725620684,shopping,expense
2020-03-09,49.563893238363306,entertainment,expense
2020-03-10,7.337339298589789,entertainment,expense
2020-03-11,49.269333001627786,food,expense
2020-03-12,81.65574508244183,shopping,expense
2020-03-13,55.493621479857055,shopping,expense
2020-03-14,30.51927553764246,transport,expense
2020-03-15,59.18994612141384,transport,expense
2020-03-16,51.7214572998735,entertainment,expense
2020-03-17,62.775661588964184,shopping,expense
2020-03-18,86.57187226129994,transport,expense
2020-03-19,90.37932222239726,shopping,expense
2020-03-20,24.341213414034108,transport,expense
2020-03-21,31.562580567934756,transport,expense
2020-03-22,39.63194201168956,shopping,expense
2020-03-23,74.15330899512493,entertainment,expense
2020-03-24,33.73290704422165,food,expense
2020-03-25,45.89439451610042,food,expense
2020-03-26,39.45428111519559,entertainment,expense
2020-03-27,39.753406511553926,shopping,expense
2020-03-28,75.41262121316447,shopping,expense
2020-03-29,35.85389319343335,food,expense
2020-03-30,70.9930835572069,food,expense
2020-03-31,1709.7382750976385,salary,income
2020-04-01,22.38913309505181,entertainment,expense
2020-04-02,50.97337473766101,shopping,expense
2020-04-03,69.13713758551148,shopping,expense
2020-04-04,25.42399162895725,shopping,expense
2020-04-05,54.2548967691948,shopping,expense
2020-04-06,65.77798596066901,entertainment,expense
2020-04-07,44.56175997853127,entertainment,expense
2020-04-08,100.87335790603055,shopping,expense
2020-04-09,53.65613818410673,entertainment,expense
2020-04-10,77.12156293613417,shopping,expense
2020-04-11,34.10878945182891,shopping,expense
2020-04-12,70.0699690710573,entertainment,expense
2020-04-13,37.44166954803835,transport,expense
2020-04-14,32.813194326013786,transport,expense
2020-04-15,72.84770287948251,food,expense
2020-04-16,28.845687038598914,entertainment,expense
2020-04-17,49.179691579930726,transport,expense
2020-04-18,57.797736389447905,food,expense
2020-04-19,34.552604313714,entertainment,expense
2020-04-20,39.52006853089287,food,expense
2020-04-21,24.85577450284925,entertainment,expense
2020-04-22,24.825367014739786,food,expense
2020-04-23,29.8168342130074,transport,expense
2020-04-24,55.71969881444919,transport,expense
2020-04-25,41.423141287391246,food,expense
2020-04-26,55.53418087809969,entertainment,expense
2020-04-27,64.64281126970232,food,expense
2020-04-28,64.73515510882177,food,expense
2020-04-29,38.660780488935124,shopping,expense
2020-04-30,2294.2892022103047,salary,income
2020-05-01,17.520855824779176,shopping,expense
2020-05-02,53.23126026879978,shopping,expense
2020-05-03,54.87265000014747,shopping,expense
2020-05-04,40.81817872890828,entertainment,expense
2020-05-05,54.98397085471312,shopping,expense
2020-05-06,58.42946899751806,transport,expense
2020-05-07,27.157387011373064,transport,expense
2020-05-08,90.29757122248427,shopping,expense
2020-05-09,65.91406283399485,transport,expense
2020-05-10,62.373278749612986,transport,expense
2020-05-11,40.21810428162186,entertainment,expense
2020-05-12,55.94619291361685,entertainment,expense
2020-05-13,59.39118338705855,shopping,expense
2020-05-14,29.86878017824196,food,expense
2020-05-15,67.35693886062592,shopping,expense
2020-05-16,42.43827798033331,entertainment,expense
2020-05-17,38.112672553075875,transport,expense
2020-05-18,46.15352173855271,food,expense
2020-05-19,79.15910467131383,food,expense
2020-05-20,39.68671932315577,shopping,expense
2020-05-21,63.66837009246848,shopping,expense
2020-05-22,38.11730846450227,shopping,expense
2020-05-23,55.644152857798694,food,expense
2020-05-24,64.9312019136214,transport,expense
2020-05-25,18.78218194491869,entertainment,expense
2020-05-26,21.439383337984705,transport,expense
2020-05-27,30.96299050650752,shopping,expense
2020-05-28,43.92766589384483,entertainment,expense
2020-05-29,48.04553893858162,transport,expense
2020-05-30,2834.952252175703,salary,income
2020-05-31,78.23418751862911,food,expense
2020-06-01,41.887500175758674,food,expense
2020-06-02,48.65217528563612,transport,expense
2020-06-03,57.764852955706885,entertainment,expense
2020-06-04,36.07160414154793,transport,expense
2020-06-05,60.81738444962693,entertainment,expense
2020-06-06,67.69502109526627,shopping,expense
2020-06-07,50.77731124097127,shopping,expense
2020-06-08,53.086316632671725,food,expense
2020-06-09,61.38718892344876,entertainment,expense
2020-06-10,94.68957802698618,entertainment,expense
2020-06-11,20.566171146586235,entertainment,expense
2020-06-12,44.75652594272319,food,expense
2020-06-13,47.60254905154253,food,expense
2020-06-14,45.62758577682538,food,expense
2020-06-15,15.995902509038672,shopping,expense
2020-06-16,60.566060693338365,transport,expense
2020-06-17,63.112207965057834,entertainment,expense
2020-06-18,80.5544723904753,entertainment,expense
2020-06-19,26.037918734715642,shopping,expense
2020-06-20,24.536804615149343,shopping,expense
2020-06-21,61.183185778063695,entertainment,expense
2020-06-22,95.05773764439499,transport,expense
2020-06-23,38.83781284588088,food,expense
2020-06-24,16.157622228855615,entertainment,expense
2020-06-25,57.06785675193816,shopping,expense
2020-06-26,77.86319938179562,food,expense
2020-06-27,33.83716291185462,food,expense
2020-06-28,35.69056605737057,shopping,expense
2020-06-29,2197.3357649114905,salary,income
2020-06-30,53.631736918975804,food,expense
2020-07-01,84.18322465956423,food,expense
2020-07-02,39.6417469989242,shopping,expense
2020-07-03,54.8209695421633,transport,expense
2020-07-04,27.591546801767663,shopping,expense
2020-07-05,47.80124569259633,entertainment,expense
2020-07-06,43.02030606752829,transport,expense
2020-07-07,42.89832203551908,food,expense
2020-07-08,78.64340287049266,entertainment,expense
2020-07-09,44.56951049017235,entertainment,expense
2020-07-10,33.770206445329514,shopping,expense
2020-07-11,57.77440246102218,shopping,expense
2020-07-12,32.08002386370996,transport,expense
2020-07-13,31.382376116131915,entertainment,expense
2020-07-14,68.1371539025147,entertainment,expense
2020-07-15,45.69003595360262,transport,expense
2020-07-16,52.123575356444235,food,expense
2020-07-17,40.60895641877334,entertainment,expense
2020-07-18,46.29669542050253,shopping,expense
2020-07-19,18.143944012950286,food,expense
2020-07-20,95.92886153610377,food,expense
2020-07-21,39.86778986600765,transport,expense
2020-07-22,24.24105220964001,entertainment,expense
2020-07-23,0.0,food,expense
2020-07-24,73.18030489794313,food,expense
2020-07-25,52.422359966744104,food,expense
2020-07-26,55.958421305196055,transport,expense
2020-07-27,55.7746478943992,food,expense
2020-07-28,2.3128664928742353,transport,expense
2020-07-29,1402.0584689824077,salary,income
2020-07-30,21.177347602867943,shopping,expense
2020-07-31,39.830893199405125,transport,expense
2020-08-01,47.69654144460116,food,expense
2020-08-02,38.38444422992057,food,expense
2020-08-03,67.07426091365656,food,expense
2020-08-04,70.76479185731515,shopping,expense
2020-08-05,51.72735134146847,entertainment,expense
2020-08-06,48.71859399743005,food,expense
2020-08-07,38.19449033280435,entertainment,expense
2020-08-08,42.60862294292438,transport,expense
2020-08-09,27.529675901783417,entertainment,expense
2020-08-10,56.87689646248599,shopping,expense
2020-08-11,65.37794726448946,food,expense
2020-08-12,26.036319347953288,shopping,expense
2020-08-13,70.58443582467787,transport,expense
2020-08-14,66.21407310699988,entertainment,expense
2020-08-15,60.703469420981975,food,expense
2020-08-16,42.460096816659274,entertainment,expense
2020-08-17,61.51559565332906,shopping,expense
2020-08-18,61.75859485468783,transport,expense
2020-08-19,71.71187352816344,food,expense
2020-08-20,72.64069972590072,entertainment,expense
2020-08-21,93.98196361113406,food,expense
2020-08-22,16.511114723446084,food,expense
2020-08-23,32.07621075366679,food,expense
2020-08-24,85.64156636122962,entertainment,expense
2020-08-25,28.696306318331082,transport,expense
2020-08-26,54.64720555367733,transport,expense
2020-08-27,68.27189583558399,transport,expense
2020-08-28,2222.3013341100705,salary,income
2020-08-29,43.97489529346397,transport,expense
2020-08-30,43.65308814542783,transport,expense
2020-08-31,54.19824179283739,entertainment,expense
2020-09-01,83.73278371608689,entertainment,expense
2020-09-02,56.33885234024326,shopping,expense
2020-09-03,88.01871225989149,entertainment,expense
2020-09-04,46.277553044956605,food,expense
2020-09-05,34.62627371859915,food,expense
2020-09-06,38.59708241433929,food,expense
2020-09-07,62.36969025573044,food,expense
2020-09-08,70.95884123504285,entertainment,expense
2020-09-09,43.29208554452414,shopping,expense
2020-09-10,51.62125741387314,entertainment,expense
2020-09-11,33.90018678139424,transport,expense
2020-09-12,21.80612460933066,transport,expense
2020-09-13,59.29961659482164,shopping,expense
2020-09-14,93.81650319745503,entertainment,expense
2020-09-15,22.429412999135057,food,expense
2020-09-16,48.4345867239317,entertainment,expense
2020-09-17,43.087809706066025,shopping,expense
2020-09-18,24.662110569522973,entertainment,expense
2020-09-19,50.88518772140658,entertainment,expense
2020-09-20,46.910689622640476,shopping,expense
2020-09-21,58.61145344188098,transport,expense
2020-09-22,75.47280664303292,shopping,expense
2020-09-23,40.034642337993006,entertainment,expense
2020-09-24,74.44246604746107,food,expense
2020-09-25,52.22344320579072,shopping,expense
2020-09-26,31.23645249144589,shopping,expense
2020-09-27,2598.3157433228257,salary,income
2020-09-28,52.83722110414998,food,expense
2020-09-29,50.5590291048892,food,expense
2020-09-30,58.36374156935498,food,expense
2020-10-01,47.71424088796229,shopping,expense
2020-10-02,46.85405149598194,entertainment,expense
2020-10-03,14.654052937788478,shopping,expense
2020-10-04,20.98053475117824,transport,expense
2020-10-05,49.18856346509649,entertainment,expense
2020-10-06,26.426738210575003,transport,expense
2020-10-07,41.72581664650763,food,expense
2020-10-08,71.4179046267923,shopping,expense
2020-10-09,0.0,food,expense
2020-10-10,25.58659900636174,transport,expense
2020-10-11,32.75900237191013,shopping,expense
2020-10-12,51.89999766994074,entertainment,expense
2020-10-13,49.63393031957021,entertainment,expense
2020-10-14,57.94489218482906,food,expense
2020-10-15,39.6751582598168,transport,expense
2020-10-16,36.469897571017285,entertainment,expense
2020-10-17,71.24468660699206,entertainment,expense
2020-10-18,40.6513131235006,food,expense
2020-10-19,50.60991009507196,entertainment,expense
2020-10-20,23.558013601102846,entertainment,expense
2020-10-21,62.698156082274394,shopping,expense
2020-10-22,39.82565557804312,shopping,expense
2020-10-23,55.86524206493594,entertainment,expense
2020-10-24,26.3397001333575,food,expense
2020-10-25,56.487999435758226,entertainment,expense
2020-10-26,42.84177819237676,shopping,expense
2020-10-27,1695.1085478403088,salary,income
2020-10-28,64.2066499247725,entertainment,expense
2020-10-29,67.10217264309375,transport,expense
2020-10-30,71.3069525308326,shopping,expense
2020-10-31,37.31313788328643,entertainment,expense
2020-11-01,36.12263358383964,food,expense
2020-11-02,59.09943781201946,food,expense
2020-11-03,60.47520434891359,food,expense
2020-11-04,55.42842987601885,entertainment,expense
2020-11-05,83.2888050789642,shopping,expense
2020-11-06,81.23812849532212,transport,expense
2020-11-07,39.09108002120513,food,expense
2020-11-08,49.01933253133044,transport,expense
2020-11-09,36.42941329270515,entertainment,expense
2020-11-10,51.51344588094471,shopping,expense
2020-11-11,39.52911237426285,shopping,expense
2020-11-12,49.25286317516123,transport,expense
2020-11-13,50.375606086328986,food,expense
2020-11-14,63.07423760512388,shopping,expense
2020-11-15,48.95960623083972,shopping,expense
2020-11-16,82.83053897288303,entertainment,expense
2020-11-17,115.09294586308253,transport,expense
2020-11-18,25.110832003243324,transport,expense
2020-11-19,91.64697488191169,shopping,expense
2020-11-20,26.853600260310312,shopping,expense
2020-11-21,77.25347724734115,food,expense
2020-11-22,33.36996114087806,food,expense
2020-11-23,6.007785629988916,transport,expense
2020-11-24,15.751210848713725,entertainment,expense
2020-11-25,75.61468917120789,entertainment,expense
2020-11-26,1932.9914166635413,salary,income
2020-11-27,57.63678121681968,entertainment,expense
2020-11-28,29.535444677134038,shopping,expense
2020-11-29,34.11147893062639,entertainment,expense
2020-11-30,67.70917917800676,transport,expense
2020-12-01,65.78268050293357,transport,expense
2020-12-02,94.7948607985573,food,expense
2020-12-03,59.20141212694876,food,expense
2020-12-04,39.4344205319604,shopping,expense
2020-12-05,70.28209862559424,entertainment,expense
2020-12-06,78.93867076399114,shopping,expense
2020-12-07,52.81877771182874,entertainment,expense
2020-12-08,47.52543327465654,entertainment,expense
2020-12-09,42.87056725263339,food,expense
2020-12-10,53.61166413216726,food,expense
2020-12-11,52.904774335633306,entertainment,expense
2020-12-12,45.54916328171204,transport,expense
2020-12-13,32.54969368816257,transport,expense
2020-12-14,69.23708712409876,transport,expense
2020-12-15,27.451538877069837,entertainment,expense
2020-12-16,59.4064462105658,transport,expense
2020-12-17,12.88324458099352,transport,expense
2020-12-18,84.50234664517144,shopping,expense
2020-12-19,63.44121038187535,food,expense
2020-12-20,35.681662984829345,food,expense
2020-12-21,56.72320092552082,transport,expense
2020-12-22,47.27105073291657,transport,expense
2020-12-23,17.64332188883356,transport,expense
2020-12-24,69.62628255997562,transport,expense
2020-12-25,74.7142347859768,entertainment,expense
2020-12-26,2007.3440973645986,salary,income
2020-12-27,44.41783050200612,shopping,expense
2020-12-28,70.55408813211379,entertainment,expense
2020-12-29,40.614531904904396,transport,expense
2020-12-30,36.04532433396772,transport,expense
2020-12-31,73.00592052602786,food,expense
2021-01-01,55.59685321995217,food,expense
2021-01-02,41.87075557541277,food,expense
2021-01-03,22.342660454915503,food,expense
2021-01-04,61.96115392905818,transport,expense
2021-01-05,33.0122616968819,shopping,expense
2021-01-06,76.01474611776032,transport,expense
2021-01-07,46.272738602460294,transport,expense
2021-01-08,58.506048084557236,shopping,expense
2021-01-09,94.37479354401684,transport,expense
2021-01-10,34.66026779728556,shopping,expense
2021-01-11,29.317976210861385,entertainment,expense
2021-01-12,29.856326123879207,transport,expense
2021-01-13,53.35451644102441,entertainment,expense
2021-01-14,36.09061537356773,entertainment,expense
2021-01-15,81.14197081248415,entertainment,expense
2021-01-16,30.714107204872636,transport,expense
2021-01-17,68.71763112543431,food,expense
2021-01-18,64.13634858627468,entertainment,expense
2021-01-19,68.60512312483901,transport,expense
2021-01-20,53.794234574510504,transport,expense
2021-01-21,68.03221829136814,shopping,expense
2021-01-22,59.59574885968351,food,expense
2021-01-23,46.52226716821664,shopping,expense
2021-01-24,53.698016338579535,food,expense
2021-01-25,1607.55084345888,salary,income
2021-01-26,28.940698431993862,transport,expense
2021-01-27,67.17026306894994,shopping,expense
2021-01-28,53.02795375786415,entertainment,expense
2021-01-29,12.40878743979956,food,expense
2021-01-30,26.21854268392305,shopping,expense
2021-01-31,35.01586084571481,shopping,expense
2021-02-01,56.83457829480869,entertainment,expense
2021-02-02,64.76160749819302,transport,expense
2021-02-03,52.217789577755354,food,expense
2021-02-04,33.15199034926407,shopping,expense
2021-02-05,58.20951687788913,food,expense
2021-02-06,46.62986738130263,food,expense
2021-02-07,53.989758845548266,shopping,expense
2021-02-08,57.64509878289838,shopping,expense
2021-02-09,33.92045852718527,food,expense
2021-02-10,46.29325754368484,transport,expense
2021-02-11,15.178613798747016,entertainment,expense
2021-02-12,1.4957144425479783,shopping,expense
2021-02-13,49.396566667417304,shopping,expense
2021-02-14,30.075358875549593,food,expense
2021-02-15,48.76913452239903,shopping,expense
2021-02-16,44.27216253006447,transport,expense
2021-02-17,56.548395433019756,food,expense
2021-02-18,82.43200199532643,food,expense
2021-02-19,37.56745651928194,food,expense
2021-02-20,57.84930282253177,food,expense
2021-02-21,62.59188272787949,transport,expense
2021-02-22,62.962745398150666,food,expense
2021-02-23,65.11709919519879,food,expense
2021-02-24,2324.1402169219296,salary,income
2021-02-25,63.45772432634902,transport,expense
2021-02-26,46.71167119077237,shopping,expense
2021-02-27,52.76597379571621,transport,expense
2021-02-28,43.20170988461566,transport,expense
2021-03-01,33.83612829899157,transport,expense
2021-03-02,53.08634253272562,entertainment,expense
2021-03-03,70.04170433180818,entertainment,expense
2021-03-04,60.34393669078027,transport,expense
2021-03-05,31.483616337048417,transport,expense
2021-03-06,52.027134230931026,transport,expense
2021-03-07,55.83460754506816,transport,expense
2021-03-08,46.33643462189543,transport,expense
2021-03-09,53.52974620725251,transport,expense
2021-03-10,51.646597734341746,entertainment,expense
2021-03-11,32.81824115271861,food,expense
2021-03-12,73.9067223600563,shopping,expense
2021-03-13,68.2804391843641,transport,expense
2021-03-14,31.03110254487728,food,expense
2021-03-15,47.81782964694862,shopping,expense
2021-03-16,40.228048360146715,food,expense
2021-03-17,16.076418646088243,shopping,expense
2021-03-18,43.42930183074536,food,expense
2021-03-19,34.737023537125715,shopping,expense
2021-03-20,52.715077598353304,entertainment,expense
2021-03-21,27.469063754324058,transport,expense
2021-03-22,40.63634417381911,entertainment,expense
2021-03-23,25.874573814343968,shopping,expense
2021-03-24,24.394631812741213,entertainment,expense
2021-03-25,62.5743172160061,transport,expense
2021-03-26,1939.5259256961092,salary,income
2021-03-27,25.4703582038302,shopping,expense
2021-03-28,87.64723717026956,shopping,expense
2021-03-29,65.72625419760894,food,expense
2021-03-30,57.11585949855324,entertainment,expense
2021-03-31,65.37034228299112,shopping,expense
2021-04-01,57.424257361136604,entertainment,expense
2021-04-02,73.0647715709048,shopping,expense
2021-04-03,40.562808111330725,shopping,expense
2021-04-04,42.0494035808908,shopping,expense
2021-04-05,56.24139195589935,entertainment,expense
2021-04-06,52.998633401267824,transport,expense
2021-04-07,35.862857318796074,shopping,expense
2021-04-08,49.145924105534334,shopping,expense
2021-04-09,53.03237654721261,transport,expense
2021-04-10,50.5085340522327,entertainment,expense
2021-04-11,92.52871177946417,food,expense
2021-04-12,58.65953365455463,entertainment,expense
2021-04-13,79.40641544072972,entertainment,expense
2021-04-14,56.50863517072595,food,expense
2021-04-15,65.36685898972293,entertainment,expense
2021-04-16,78.95722872153489,food,expense
2021-04-17,40.79186768721516,transport,expense
2021-04-18,67.29489383281681,entertainment,expense
2021-04-19,50.427644222094116,entertainment,expense
2021-04-20,57.55455324643271,shopping,expense
2021-04-21,58.767651602568066,entertainment,expense
2021-04-22,29.36565976132879,food,expense
2021-04-23,46.971735397794326,food,expense
2021-04-24,58.32922889512281,transport,expense
2021-04-25,2209.766221953514,salary,income
2021-04-26,35.891487038416486,shopping,expense
2021-04-27,51.24631290861074,transport,expense
2021-04-28,58.992180601436594,transport,expense
2021-04-29,53.96970638677064,shopping,expense
2021-04-30,16.218831013422076,shopping,expense
2021-05-01,35.61360019740894,transport,expense
2021-05-02,59.11237239049077,entertainment,expense
2021-05-03,47.04286000312539,transport,expense
2021-05-04,63.093083258160156,food,expense
2021-05-05,53.69305551809202,transport,expense
2021-05-06,23.848512322179975,transport,expense
2021-05-07,53.83321783469566,entertainment,expense
2021-05-08,71.74390368790608,transport,expense
2021-05-09,53.636780744101216,shopping,expense
2021-05-10,56.03238495907194,shopping,expense
2021-05-11,63.75933904232067,food,expense
2021-05-12,50.20350141482861,shopping,expense
2021-05-13,53.698845657488185,entertainment,expense
2021-05-14,34.76623587532803,shopping,expense
2021-05-15,56.19754569166293,shopping,expense
2021-05-16,0.0,entertainment,expense
2021-05-17,49.020696219555525,entertainment,expense
2021-05-18,19.80614481492891,transport,expense
2021-05-19,52.422938036997934,food,expense
2021-05-20,33.55136845490274,food,expense
2021-05-21,76.33917673373408,food,expense
2021-05-22,60.519551168352336,entertainment,expense
2021-05-23,47.56592091164266,transport,expense
2021-05-24,70.99968585142767,entertainment,expense
2021-05-25,1556.25391109895,salary,income
2021-05-26,43.64438791327861,transport,expense
2021-05-27,28.8505761560838,shopping,expense
2021-05-28,35.003771856670824,entertainment,expense
2021-05-29,61.246332412465165,entertainment,expense
2021-05-30,58.345268957163725,shopping,expense
2021-05-31,59.26886144721638,food,expense
2021-06-01,60.930452619440786,shopping,expense
2021-06-02,77.33980865357687,shopping,expense
2021-06-03,54.66411927970415,food,expense
2021-06-04,40.200996896789306,shopping,expense
2021-06-05,59.372115929991836,entertainment,expense
2021-06-06,37.84947315307048,shopping,expense
2021-06-07,65.21539283918707,entertainment,expense
2021-06-08,67.67722406906148,food,expense
2021-06-09,45.64452835216227,food,expense
2021-06-10,119.91755579200199,transport,expense
2021-06-11,20.731880831466228,entertainment,expense
2021-06-12,35.37852329897877,food,expense
2021-06-13,54.83872738947144,transport,expense
2021-06-14,48.30874001712384,entertainment,expense
2021-06-15,36.554434556248026,transport,expense
2021-06-16,74.89376092730194,transport,expense
2021-06-17,11.676656406682426,transport,expense
2021-06-18,33.920552023860445,shopping,expense
2021-06-19,64.92176239079369,food,expense
2021-06-20,58.82842998981851,food,expense
2021-06-21,32.70098696738347,food,expense
2021-06-22,83.67092997556901,food,expense
2021-06-23,39.45757229169767,shopping,expense
2021-06-24,1781.270849838295,salary,income
2021-06-25,13.511182266470747,entertainment,expense
2021-06-26,34.76708187723929,entertainment,expense
2021-06-27,45.64095893462708,entertainment,expense
2021-06-28,27.78695607500628,entertainment,expense
2021-06-29,43.68082547108699,entertainment,expense
2021-06-30,72.06261412139482,transport,expense
2021-07-01,21.62582924905053,shopping,expense
2021-07-02,54.27291763024943,shopping,expense
2021-07-03,64.92201973738648,food,expense
2021-07-04,17.499280615061835,transport,expense
2021-07-05,22.37780488170506,shopping,expense
2021-07-06,77.70297850424647,transport,expense
2021-07-07,47.82047815409302,entertainment,expense
2021-07-08,70.67926512998045,entertainment,expense
2021-07-09,67.98870081511444,shopping,expense
2021-07-10,64.89168054399359,shopping,expense
2021-07-11,51.26358455113033,transport,expense
2021-07-12,76.20769404339941,food,expense
2021-07-13,46.65607713855296,entertainment,expense
2021-07-14,63.32332130943324,food,expense
2021-07-15,98.4481107757988,transport,expense
2021-07-16,67.15549213990325,shopping,expense
2021-07-17,77.3367292121089,transport,expense
2021-07-18,33.11441962954009,shopping,expense
2021-07-19,69.89963337584707,entertainment,expense
2021-07-20,46.74947743740201,transport,expense
2021-07-21,38.12409355487351,entertainment,expense
2021-07-22,30.68485168787481,entertainment,expense
2021-07-23,28.32378300026328,entertainment,expense
2021-07-24,2361.1906789138857,salary,income
2021-07-25,86.26682410491098,food,expense
2021-07-26,67.07449344514555,entertainment,expense
2021-07-27,54.72651805455551,food,expense
2021-07-28,32.921205832246144,food,expense
2021-07-29,31.5294921646254,food,expense
2021-07-30,22.465405949927405,transport,expense
2021-07-31,40.715578051335484,transport,expense
2021-08-01,26.56660283865419,food,expense
2021-08-02,52.840308245104644,shopping,expense
2021-08-03,79.9473794186825,entertainment,expense
2021-08-04,39.908951258315646,shopping,expense
2021-08-05,52.665144677225555,entertainment,expense
2021-08-06,15.015599139795796,food,expense
2021-08-07,43.504530534416496,entertainment,expense
2021-08-08,96.00791285370343,food,expense
2021-08-09,52.89189006592969,shopping,expense
2021-08-10,59.82950127363881,entertainment,expense
2021-08-11,79.13419900123588,food,expense
2021-08-12,56.23628366954521,entertainment,expense
2021-08-13,25.884757430889227,food,expense
2021-08-14,46.37987722680772,entertainment,expense
2021-08-15,41.644404051364404,shopping,expense
2021-08-16,68.84476302994723,transport,expense
2021-08-17,62.83631060483382,entertainment,expense
2021-08-18,27.722938007977334,food,expense
2021-08-19,56.23403604262437,entertainment,expense
2021-08-20,41.024635510227384,shopping,expense
2021-08-21,82.68269986977737,entertainment,expense
2021-08-22,7.13265351725282,food,expense
2021-08-23,1813.5834239541166,salary,income
2021-08-24,75.82807096432016,entertainment,expense
2021-08-25,0.0,shopping,expense
2021-08-26,42.01696414299277,shopping,expense
2021-08-27,55.99701903541493,transport,expense
2021-08-28,71.50786891292154,transport,expense
2021-08-29,57.26238683342714,entertainment,expense
2021-08-30,51.0784085061156,shopping,expense
2021-08-31,108.46711234638175,transport,expense
2021-09-01,95.79611594920918,food,expense
2021-09-02,88.5513877035639,food,expense
2021-09-03,46.384790204088794,food,expense
2021-09-04,11.03305481145457,shopping,expense
2021-09-05,53.74328040972324,food,expense
2021-09-06,54.59852935786861,entertainment,expense
2021-09-07,20.21699766476808,shopping,expense
2021-09-08,70.29837964910315,transport,expense
2021-09-09,34.35952269785121,entertainment,expense
2021-09-10,50.05523671767873,transport,expense
2021-09-11,50.541080813779026,shopping,expense
2021-09-12,52.03721412759706,shopping,expense
2021-09-13,42.153704625321936,shopping,expense
2021-09-14,41.549745311559136,shopping,expense
2021-09-15,25.462489309724212,transport,expense
2021-09-16,41.30709820419611,shopping,expense
2021-09-17,47.75505066096682,food,expense
2021-09-18,64.05907583813736,shopping,expense
2021-09-19,21.369640045533718,transport,expense
2021-09-20,61.945497751131654,food,expense
2021-09-21,45.083000420440065,transport,expense
2021-09-22,2863.4819256167025,salary,income
2021-09-23,37.71526762902606,transport,expense
2021-09-24,53.2948757492877,food,expense
2021-09-25,49.18963299928416,shopping,expense
2021-09-26,38.82010544236004,transport,expense
2021-09-27,56.80118733721603,entertainment,expense
2021-09-28,59.46745008051921,entertainment,expense
2021-09-29,76.71311794289124,shopping,expense
2021-09-30,58.48946188495819,food,expense
2021-10-01,46.63813068069511,food,expense
2021-10-02,49.45420120720598,food,expense
2021-10-03,44.65487771153947,transport,expense
2021-10-04,52.26192275640475,food,expense
2021-10-05,31.213465242681202,shopping,expense
2021-10-06,23.24581152164402,transport,expense
2021-10-07,54.786616007949625,shopping,expense
2021-10-08,51.925215528067646,food,expense
2021-10-09,21.122208450721732,entertainment,expense
2021-10-10,57.81187812398473,entertainment,expense
2021-10-11,99.07806691887143,entertainment,expense
2021-10-12,66.02328039647846,shopping,expense
2021-10-13,92.2174527404856,transport,expense
2021-10-14,55.71379600534398,transport,expense
2021-10-15,28.665577823475683,entertainment,expense
2021-10-16,85.31418532900807,food,expense
2021-10-17,37.44233571116421,entertainment,expense
2021-10-18,52.29243018399979,shopping,expense
2021-10-19,32.48200844567783,food,expense
2021-10-20,31.90170695887979,transport,expense
2021-10-21,79.10121164963539,entertainment,expense
2021-10-22,1800.1819071926989,salary,income
2021-10-23,88.9734191544297,transport,expense
2021-10-24,38.82970515812225,transport,expense
2021-10-25,17.044037832319297,food,expense
2021-10-26,53.388836617193725,transport,expense
2021-10-27,93.10665496381235,food,expense
2021-10-28,30.44875749054626,entertainment,expense
2021-10-29,61.954634162272484,transport,expense
2021-10-30,75.99948093451505,transport,expense
2021-10-31,52.841116231879994,food,expense
2021-11-01,39.9823711739584,food,expense
2021-11-02,51.390961755144865,shopping,expense
2021-11-03,64.45177003240211,entertainment,expense
2021-11-04,64.44775856656334,food,expense
2021-11-05,32.10934621727223,transport,expense
2021-11-06,33.372010654650936,transport,expense
2021-11-07,63.951732006943566,transport,expense
2021-11-08,83.99264833288494,food,expense
2021-11-09,49.725678012674635,transport,expense
2021-11-10,57.00683558456794,entertainment,expense
2021-11-11,55.957121884120426,shopping,expense
2021-11-12,0.0,food,expense
2021-11-13,61.64896249309662,entertainment,expense
2021-11-14,55.27703402147869,shopping,expense
2021-11-15,19.51169323758046,food,expense
2021-11-16,30.845835022205236,transport,expense
2021-11-17,62.99923132307774,entertainment,expense
2021-11-18,30.537692795573594,food,expense
2021-11-19,12.451142295277819,transport,expense
2021-11-20,81.91219646021896,transport,expense
2021-11-21,2112.342362875943,salary,income
2021-11-22,82.68390533154351,transport,expense
2021-11-23,65.36359128925695,shopping,expense
2021-11-24,43.33656670338146,entertainment,expense
2021-11-25,13.450512918940191,entertainment,expense
2021-11-26,48.90382730165044,shopping,expense
2021-11-27,56.60581726266282,transport,expense
2021-11-28,0.22875476417031848,entertainment,expense
2021-11-29,42.12781125302813,shopping,expense
2021-11-30,79.39597852554576,food,expense
2021-12-01,38.0720956412903,transport,expense
2021-12-02,71.48535225819732,shopping,expense
2021-12-03,69.98659422479507,shopping,expense
2021-12-04,45.25846018228844,entertainment,expense
2021-12-05,49.956670935442276,shopping,expense
2021-12-06,75.44117964679766,transport,expense
2021-12-07,57.65724583242897,shopping,expense
2021-12-08,40.411505165681376,transport,expense
2021-12-09,79.98068809318852,transport,expense
2021-12-10,50.00842518474237,transport,expense
2021-12-11,57.932600091987084,food,expense
2021-12-12,23.722770840452455,entertainment,expense
2021-12-13,40.53659858727923,food,expense
2021-12-14,49.3885967316501,shopping,expense
2021-12-15,69.57848013730847,entertainment,expense
2021-12-16,29.869734145808394,transport,expense
2021-12-17,64.74582633094104,transport,expense
2021-12-18,46.82766645897357,food,expense
2021-12-19,79.75454071316534,shopping,expense
2021-12-20,51.70562635931477,shopping,expense
2021-12-21,2466.295415936545,salary,income
2021-12-22,67.1211844699408,food,expense
2021-12-23,69.15579470273734,entertainment,expense
2021-12-24,77.188228399228,shopping,expense
2021-12-25,45.21752610994083,food,expense
2021-12-26,47.91751691550955,shopping,expense
2021-12-27,65.59510992577641,transport,expense
2021-12-28,67.14946996002472,entertainment,expense
2021-12-29,32.66760782671736,transport,expense
2021-12-30,52.21364811311652,shopping,expense
2021-12-31,52.51399644353968,transport,expense
2022-01-01,61.22804099695486,shopping,expense
2022-01-02,62.128560273801426,transport,expense
2022-01-03,21.797179900393534,transport,expense
2022-01-04,34.389198035413486,shopping,expense
2022-01-05,62.75793476333657,food,expense
2022-01-06,44.26557650477519,transport,expense
2022-01-07,40.50604460725882,entertainment,expense
2022-01-08,70.66237030799681,food,expense
2022-01-09,55.68648899038463,transport,expense
2022-01-10,54.356637590244304,shopping,expense
2022-01-11,2.7206301149564,entertainment,expense
2022-01-12,28.896430557936835,entertainment,expense
2022-01-13,42.6554201933901,transport,expense
2022-01-14,13.276510711350042,entertainment,expense
2022-01-15,34.659649461959994,food,expense
2022-01-16,79.55363755875356,shopping,expense
2022-01-17,81.89710697396414,entertainment,expense
2022-01-18,40.66900136531888,food,expense
2022-01-19,79.23476267069788,transport,expense
2022-01-20,1290.8171335334841,salary,income
2022-01-21,53.22102957193177,transport,expense
2022-01-22,8.773490881177167,transport,expense
2022-01-23,61.019733151426266,transport,expense
2022-01-24,61.45216215828199,entertainment,expense
2022-01-25,56.97380903514492,transport,expense
2022-01-26,72.37763240596797,transport,expense
2022-01-27,86.67845304387566,transport,expense
2022-01-28,36.612278944577305,food,expense
2022-01-29,29.591908723355264,entertainment,expense
2022-01-30,33.692802194547596,entertainment,expense
2022-01-31,32.01777803145546,transport,expense
2022-02-01,58.973795366778134,entertainment,expense
2022-02-02,81.12098878954114,entertainment,expense
2022-02-03,79.96189125142246,food,expense
2022-02-04,39.93687535889973,food,expense
2022-02-05,33.061753433660414,entertainment,expense
2022-02-06,84.3969242220517,transport,expense
2022-02-07,37.64215062535239,food,expense
2022-02-08,28.764378920798947,food,expense
2022-02-09,42.823071661741615,transport,expense
2022-02-10,51.1325690362434,entertainment,expense
2022-02-11,49.155972113759134,food,expense
2022-02-12,88.62878302254113,food,expense
2022-02-13,57.092351360358876,food,expense
2022-02-14,49.10090826455234,food,expense
2022-02-15,55.83522885067094,entertainment,expense
2022-02-16,41.50029253246701,entertainment,expense
2022-02-17,60.74631315088408,entertainment,expense
2022-02-18,76.68700651898598,entertainment,expense
2022-02-19,1119.5955940096121,salary,income
2022-02-20,31.868602364457317,food,expense
2022-02-21,84.18772133115405,food,expense
2022-02-22,64.52006865135337,food,expense
2022-02-23,31.187102047181718,shopping,expense
2022-02-24,68.30834042460549,food,expense
2022-02-25,71.46755844632997,shopping,expense
2022-02-26,71.28228366669427,food,expense
2022-02-27,48.01239339747154,food,expense
2022-02-28,42.24643632791537,entertainment,expense
2022-03-01,36.5305295469842,entertainment,expense
2022-03-02,76.63513940789107,transport,expense
2022-03-03,50.877467196579495,food,expense
2022-03-04,43.481773745996115,food,expense
2022-03-05,49.79030046287991,transport,expense
2022-03-06,32.0590713870949,transport,expense
2022-03-07,36.53906309745976,shopping,expense
2022-03-08,23.236818627537545,transport,expense
2022-03-09,48.256027024737016,shopping,expense
2022-03-10,53.09216859041556,shopping,expense
2022-03-11,73.6009073762234,food,expense
2022-03-12,65.73080053967838,food,expense
2022-03-13,0.0,transport,expense
2022-03-14,48.65985716112979,entertainment,expense
2022-03-15,38.57251557100176,entertainment,expense
2022-03-16,64.09069598205019,transport,expense
2022-03-17,79.79530280137132,entertainment,expense
2022-03-18,20.94408208223308,transport,expense
2022-03-19,22.05684003563845,entertainment,expense
2022-03-20,61.62865037595227,transport,expense
2022-03-21,1237.1718427149526,salary,income
2022-03-22,45.935278413864545,transport,expense
2022-03-23,56.31471797754714,entertainment,expense
2022-03-24,56.112584609163086,food,expense
2022-03-25,34.737512234646836,shopping,expense
2022-03-26,54.978581906333204,shopping,expense
2022-03-27,52.07877668297798,entertainment,expense
2022-03-28,38.418949041054915,food,expense
2022-03-29,74.1310387247355,transport,expense
2022-03-30,105.0021439916151,transport,expense
2022-03-31,72.52593118648294,entertainment,expense
2022-04-01,65.465086426341,entertainment,expense
2022-04-02,63.37299720321184,food,expense
2022-04-03,31.63982475556391,entertainment,expense
2022-04-04,25.370625028115832,entertainment,expense
2022-04-05,76.1496837908669,transport,expense
2022-04-06,40.23240357473997,food,expense
2022-04-07,36.21044350432857,entertainment,expense
2022-04-08,79.38046795081534,entertainment,expense
2022-04-09,42.841123371973715,transport,expense
2022-04-10,81.78328838495852,food,expense
2022-04-11,55.12515584085869,shopping,expense
2022-04-12,82.8106714178474,transport,expense
2022-04-13,36.88842005340842,shopping,expense
2022-04-14,24.8932776862768,shopping,expense
2022-04-15,57.06254475995753,food,expense
2022-04-16,68.85137097072378,entertainment,expense
2022-04-17,67.20912096844407,shopping,expense
2022-04-18,29.19416543544779,food,expense
2022-04-19,54.80849753677572,entertainment,expense
2022-04-20,2631.292051713591,salary,income
2022-04-21,61.3137415933878,transport,expense
2022-04-22,48.785371792290135,food,expense
2022-04-23,82.6133555447513,shopping,expense
2022-04-24,98.39583466020926,entertainment,expense
2022-04-25,33.739757565592555,transport,expense
2022-04-26,64.67978454837132,transport,expense
2022-04-27,47.079267885164036,food,expense
2022-04-28,75.80753502516451,transport,expense
2022-04-29,70.78790106084276,food,expense
2022-04-30,59.93329468454749,transport,expense
2022-05-01,62.280512945169605,entertainment,expense
2022-05-02,60.567856237354405,shopping,expense
2022-05-03,64.78611681664593,entertainment,expense
2022-05-04,66.32678311876688,food,expense
2022-05-05,46.212097185055725,shopping,expense
2022-05-06,20.25532264507514,transport,expense
2022-05-07,68.70784107596256,transport,expense
2022-05-08,45.91813405968826,entertainment,expense
2022-05-09,69.60187070140209,food,expense
2022-05-10,57.11778755108638,shopping,expense
2022-05-11,22.843550759248913,transport,expense
2022-05-12,43.54870431796046,shopping,expense
2022-05-13,41.21042919632378,shopping,expense
2022-05-14,82.65708374546584,food,expense
2022-05-15,54.678949042690796,transport,expense
2022-05-16,42.34643124896264,food,expense
2022-05-17,98.989195979162,transport,expense
2022-05-18,26.473934861534623,shopping,expense
2022-05-19,53.443681844803145,food,expense
2022-05-20,1724.0709270537766,salary,income
2022-05-21,48.64170524874934,entertainment,expense
2022-05-22,44.0816315796623,entertainment,expense
2022-05-23,71.98754776364902,transport,expense
2022-05-24,45.27527737004166,entertainment,expense
2022-05-25,39.439323228733905,transport,expense
2022-05-26,29.365308404069776,transport,expense
2022-05-27,72.26721011887878,entertainment,expense
2022-05-28,45.90756497470263,entertainment,expense
2022-05-29,50.0962661475357,entertainment,expense
2022-05-30,14.972600868642871,shopping,expense
2022-05-31,19.448590123813474,entertainment,expense
2022-06-01,53.87138798507156,food,expense
2022-06-02,37.946283043444225,entertainment,expense
2022-06-03,33.22117495839396,entertainment,expense
2022-06-04,58.173305667443366,food,expense
2022-06-05,71.09187032454119,shopping,expense
2022-06-06,53.97805324300655,entertainment,expense
2022-06-07,77.79910733775648,transport,expense
2022-06-08,19.85856153643226,entertainment,expense
2022-06-09,0.0,entertainment,expense
2022-06-10,22.844182094842466,transport,expense
2022-06-11,47.58076379226555,shopping,expense
2022-06-12,72.49250998231724,transport,expense
2022-06-13,63.08984980142407,food,expense
2022-06-14,50.116670933308676,food,expense
2022-06-15,68.76443995311463,transport,expense
2022-06-16,42.90125097135436,shopping,expense
2022-06-17,54.041092320512924,entertainment,expense
2022-06-18,63.04777432487133,entertainment,expense
2022-06-19,3279.099642834126,salary,income
2022-06-20,53.555578458597616,food,expense
2022-06-21,51.08153639693943,transport,expense
2022-06-22,82.16778622714385,transport,expense
2022-06-23,57.09936509515331,entertainment,expense
2022-06-24,23.27983266729084,shopping,expense
2022-06-25,42.21675365828066,transport,expense
2022-06-26,23.583524522420856,transport,expense
2022-06-27,94.72567301591972,transport,expense
2022-06-28,53.381450589103736,transport,expense
2022-06-29,41.98581385033853,food,expense
2022-06-30,46.41700484673143,entertainment,expense
2022-07-01,24.639715852332472,shopping,expense
2022-07-02,61.792190933840544,transport,expense
2022-07-03,55.33824152978788,shopping,expense
2022-07-04,73.6834505532029,shopping,expense
2022-07-05,55.99549127443129,transport,expense
2022-07-06,53.42923682453194,shopping,expense
2022-07-07,43.99236518960458,shopping,expense
2022-07-08,82.56299091513716,shopping,expense
2022-07-09,65.11850383287587,food,expense
2022-07-10,53.28636663802023,shopping,expense
2022-07-11,47.87162239994023,shopping,expense
2022-07-12,66.20161303818371,shopping,expense
2022-07-13,28.442517940625493,entertainment,expense
2022-07-14,58.83551993177463,entertainment,expense
2022-07-15,50.02923668382966,shopping,expense
2022-07-16,74.25641970063732,shopping,expense
2022-07-17,39.931288816776004,shopping,expense
2022-07-18,44.91887603642296,entertainment,expense
2022-07-19,1717.8762006713057,salary,income
2022-07-20,43.64060867130276,food,expense
2022-07-21,67.32639900524114,transport,expense
2022-07-22,82.15281842232434,food,expense
2022-07-23,42.918769062658214,shopping,expense
2022-07-24,32.72270868253915,food,expense
2022-07-25,82.73651380224898,entertainment,expense
2022-07-26,29.883746592757813,transport,expense
2022-07-27,59.87307130612176,transport,expense
2022-07-28,13.088407293516767,transport,expense
2022-07-29,26.125780246783435,transport,expense
2022-07-30,43.97307100616898,entertainment,expense
2022-07-31,47.76795338314197,shopping,expense
2022-08-01,34.579651632695004,shopping,expense
2022-08-02,41.772203399450184,entertainment,expense
2022-08-03,40.31900727225963,shopping,expense
2022-08-04,41.02566862669802,shopping,expense
2022-08-05,71.80868682798219,shopping,expense
2022-08-06,67.02138428041228,food,expense
2022-08-07,80.01142737925338,transport,expense
2022-08-08,80.24032000011445,food,expense
2022-08-09,47.68215877277735,shopping,expense
2022-08-10,52.328764813267874,transport,expense
2022-08-11,47.97922446236154,food,expense
2022-08-12,49.184883003067576,entertainment,expense
2022-08-13,53.78463959811855,entertainment,expense
2022-08-14,32.72081766329573,transport,expense
2022-08-15,22.33092963862688,transport,expense
2022-08-16,62.59829724092588,food,expense
2022-08-17,9.211370033601362,shopping,expense
2022-08-18,2092.2756515985184,salary,income
2022-08-19,28.418489998640474,shopping,expense
2022-08-20,61.78278718055945,entertainment,expense
2022-08-21,53.47922299371416,entertainment,expense
2022-08-22,29.218528672164375,shopping,expense
2022-08-23,0.0,food,expense
2022-08-24,89.74261941340211,food,expense
2022-08-25,86.85302745766685,entertainment,expense
2022-08-26,61.739045823667496,shopping,expense
2022-08-27,54.10533787202169,entertainment,expense
2022-08-28,44.754079756203346,shopping,expense
2022-08-29,35.72218025133466,entertainment,expense
2022-08-30,83.80355266691916,shopping,expense
2022-08-31,50.858644904288255,transport,expense
2022-09-01,76.89352240204266,food,expense
2022-09-02,71.95249929722328,food,expense
2022-09-03,50.76601175044849,transport,expense
2022-09-04,32.43459852653268,shopping,expense
2022-09-05,69.23913239110757,entertainment,expense
2022-09-06,45.66489967027656,transport,expense
2022-09-07,54.594220336045936,entertainment,expense
2022-09-08,0.0,shopping,expense
2022-09-09,44.912464483889,shopping,expense
2022-09-10,77.63567794903878,transport,expense
2022-09-11,87.46041247150913,entertainment,expense
2022-09-12,74.92534686245969,shopping,expense
2022-09-13,38.75819349391611,shopping,expense
2022-09-14,74.76475881292863,entertainment,expense
2022-09-15,32.46014810978896,food,expense
2022-09-16,99.58778837419823,entertainment,expense
2022-09-17,2771.054976283938,salary,income
2022-09-18,95.34360390196446,entertainment,expense
2022-09-19,63.402000802503046,transport,expense
2022-09-20,77.31635505124098,transport,expense
2022-09-21,47.05399205489963,transport,expense
2022-09-22,39.346780549824814,food,expense
2022-09-23,57.71320000938476,transport,expense
2022-09-24,16.694306657350957,food,expense
2022-09-25,30.004943978237367,food,expense
2022-09-26,34.32955631729236,entertainment,expense
2022-09-27,52.8418449124069,food,expense
2022-09-28,61.49402523330697,entertainment,expense
2022-09-29,58.59249881267349,transport,expense
2022-09-30,77.30297523784162,food,expense
2022-10-01,64.84305608752913,food,expense
2022-10-02,69.97633289556302,entertainment,expense
2022-10-03,51.59952989556141,transport,expense
2022-10-04,82.23581182624793,transport,expense
2022-10-05,46.53357691498905,entertainment,expense
2022-10-06,62.1461472672008,transport,expense
2022-10-07,90.4720113508495,transport,expense
2022-10-08,44.357999599254285,transport,expense
2022-10-09,52.628386880827016,food,expense
2022-10-10,41.85045657170274,entertainment,expense
2022-10-11,42.45356979763479,shopping,expense
2022-10-12,90.51614183822501,shopping,expense
2022-10-13,56.102134664814585,entertainment,expense
2022-10-14,31.807978476134224,transport,expense
2022-10-15,34.452198482821906,food,expense
2022-10-16,63.86649380665202,shopping,expense
2022-10-17,3003.0464440795613,salary,income
2022-10-18,80.6379983308909,entertainment,expense
2022-10-19,46.15401931941836,food,expense
2022-10-20,67.62143147245226,food,expense
2022-10-21,81.12001143678408,transport,expense
2022-10-22,51.982530723092744,transport,expense
2022-10-23,37.12938604591218,entertainment,expense
2022-10-24,55.57238384131836,food,expense
2022-10-25,21.453328209690696,food,expense
2022-10-26,21.310693163006263,food,expense
2022-10-27,28.853343656505395,food,expense
2022-10-28,33.32031291601066,shopping,expense
2022-10-29,47.21415976446742,food,expense
2022-10-30,16.530304006477706,entertainment,expense
2022-10-31,36.86630419779778,food,expense
2022-11-01,74.16901016036306,entertainment,expense
2022-11-02,84.05654012018556,transport,expense
2022-11-03,37.822321243793226,entertainment,expense
2022-11-04,31.6636431651897,transport,expense
2022-11-05,53.21957894357999,entertainment,expense
2022-11-06,100.67032330693053,transport,expense
2022-11-07,44.96243384206546,transport,expense
2022-11-08,62.98240280119874,food,expense
2022-11-09,59.40947312233464,shopping,expense
2022-11-10,88.9563357450863,shopping,expense
2022-11-11,77.79928137208405,entertainment,expense
2022-11-12,43.9248043696045,shopping,expense
2022-11-13,41.4299999035583,entertainment,expense
2022-11-14,33.59063814173824,shopping,expense
2022-11-15,56.57520600685691,food,expense
2022-11-16,3030.751788318199,salary,income
2022-11-17,50.556058314798804,shopping,expense
2022-11-18,22.23219718456611,shopping,expense
2022-11-19,45.65432606126353,entertainment,expense
2022-11-20,65.95205699999508,food,expense
2022-11-21,30.26149351662695,entertainment,expense
2022-11-22,37.112261424039446,shopping,expense
2022-11-23,10.101094283734298,entertainment,expense
2022-11-24,23.72769707841867,transport,expense
2022-11-25,67.07617124618137,entertainment,expense
2022-11-26,37.01892559143255,entertainment,expense
2022-11-27,43.06693277139779,entertainment,expense
2022-11-28,46.08642882246096,shopping,expense
2022-11-29,79.57447218935783,food,expense
2022-11-30,66.7918709133441,food,expense
2022-12-01,30.623367369064944,entertainment,expense
2022-12-02,75.42143299348524,entertainment,expense
2022-12-03,35.857679907354424,shopping,expense
2022-12-04,37.43231818009724,entertainment,expense
2022-12-05,43.566749698831615,transport,expense
2022-12-06,52.95081823730657,food,expense
2022-12-07,51.53976839449787,food,expense
2022-12-08,54.530172993440225,food,expense
2022-12-09,55.10106697779153,food,expense
2022-12-10,29.396119602041185,transport,expense
2022-12-11,49.237186239513655,food,expense
2022-12-12,65.51534434806354,entertainment,expense
2022-12-13,77.44122847899371,shopping,expense
2022-12-14,17.946477102828112,food,expense
2022-12-15,25.688040080915037,entertainment,expense
2022-12-16,2604.1831152965715,salary,income
2022-12-17,31.752250949752206,shopping,expense
2022-12-18,53.76935458132554,entertainment,expense
2022-12-19,87.92824811545565,transport,expense
2022-12-20,54.395686468489224,shopping,expense
2022-12-21,63.294281726177786,transport,expense
2022-12-22,51.81937953550818,shopping,expense
2022-12-23,66.28338966664704,entertainment,expense
2022-12-24,35.68966361483358,transport,expense
2022-12-25,45.820000786125355,food,expense
2022-12-26,37.189410869850256,entertainment,expense
2022-12-27,21.50832720537816,food,expense
2022-12-28,58.85571050643705,entertainment,expense
2022-12-29,63.934618184636875,shopping,expense
2022-12-30,69.78148421390954,entertainment,expense
2022-12-31,42.72577901824906,transport,expense
2023-01-01,59.547012794729476,entertainment,expense
2023-01-02,63.55279376966695,transport,expense
2023-01-03,65.81002721323446,shopping,expense
2023-01-04,40.80646263021413,food,expense
2023-01-05,19.48528193592636,transport,expense
2023-01-06,38.509060477322414,food,expense
2023-01-07,41.60273077827361,entertainment,expense
2023-01-08,50.46659017294354,shopping,expense
2023-01-09,40.64801319010008,transport,expense
2023-01-10,50.59930880194503,shopping,expense
2023-01-11,53.94053665754602,food,expense
2023-01-12,62.89012550547618,entertainment,expense
2023-01-13,56.11744110192056,entertainment,expense
2023-01-14,40.23216538365936,food,expense
2023-01-15,2512.031262905731,salary,income
2023-01-16,58.40235996503946,food,expense
2023-01-17,26.313900979617596,food,expense
2023-01-18,53.94652701229756,transport,expense
2023-01-19,63.94130548028774,food,expense
2023-01-20,45.216672398619245,entertainment,expense
2023-01-21,43.96437225900495,transport,expense
2023-01-22,44.68572324777083,entertainment,expense
2023-01-23,65.01072230870611,transport,expense
2023-01-24,63.96441672270958,entertainment,expense
2023-01-25,39.33390533144259,food,expense
2023-01-26,54.51396275623046,entertainment,expense
2023-01-27,62.80794369823355,food,expense
2023-01-28,52.979438986544196,transport,expense
2023-01-29,65.29396669329348,shopping,expense
2023-01-30,25.175321852782545,transport,expense
2023-01-31,60.77457952105017,transport,expense
2023-02-01,45.77449489699372,transport,expense
2023-02-02,35.59170286392325,food,expense
2023-02-03,34.7543498400537,entertainment,expense
2023-02-04,70.63735965069661,entertainment,expense
2023-02-05,76.91606534725739,shopping,expense
2023-02-06,58.18901043851247,shopping,expense
2023-02-07,53.37382650678865,shopping,expense
2023-02-08,37.263471005533205,shopping,expense
2023-02-09,12.845602772845773,entertainment,expense
2023-02-10,48.718779229322216,entertainment,expense
2023-02-11,60.59786309767547,shopping,expense
2023-02-12,96.66578643299565,food,expense
2023-02-13,89.10460061815556,food,expense
2023-02-14,2296.2634746005915,salary,income
2023-02-15,35.88788439055662,shopping,expense
2023-02-16,31.158269304901413,shopping,expense
2023-02-17,41.23481765242877,entertainment,expense
2023-02-18,39.23681997586543,shopping,expense
2023-02-19,39.17832340644361,food,expense
2023-02-20,55.624431029529184,shopping,expense
2023-02-21,67.88099194649588,shopping,expense
2023-02-22,40.065783521391836,entertainment,expense
2023-02-23,4.8773538501411124,shopping,expense
2023-02-24,36.73613103249282,food,expense
2023-02-25,39.960565852706125,food,expense
2023-02-26,44.73490339472742,transport,expense
2023-02-27,26.675242122813877,transport,expense
2023-02-28,7.6831686953354605,transport,expense
2023-03-01,55.08516559481993,food,expense
2023-03-02,42.5582351709409,transport,expense
2023-03-03,18.64584412348458,shopping,expense
2023-03-04,41.71020548254861,transport,expense
2023-03-05,59.98822138389205,shopping,expense
2023-03-06,44.388466441103816,transport,expense
2023-03-07,53.06245125182153,shopping,expense
2023-03-08,69.81416507407032,transport,expense
2023-03-09,70.04832917344015,entertainment,expense
2023-03-10,71.6945228434989,entertainment,expense
2023-03-11,35.55274521022001,shopping,expense
2023-03-12,36.702609147520384,shopping,expense
2023-03-13,45.227864614874086,transport,expense
2023-03-14,75.73129644341219,food,expense
2023-03-15,79.76470633738953,shopping,expense
2023-03-16,2389.180538083319,salary,income
2023-03-17,20.6332687693181,food,expense
2023-03-18,46.43561039229526,entertainment,expense
2023-03-19,22.715044895641793,transport,expense
2023-03-20,30.730449245296132,food,expense
2023-03-21,37.52141398434516,transport,expense
2023-03-22,46.06955761145233,entertainment,expense
2023-03-23,68.98347412855345,shopping,expense
2023-03-24,53.73608784955307,shopping,expense
2023-03-25,28.898189833502315,entertainment,expense
2023-03-26,63.082111917132224,food,expense
2023-03-27,67.33980439456545,transport,expense
2023-03-28,71.66546486932432,transport,expense
2023-03-29,38.671865140750285,food,expense
2023-03-30,40.7996567794741,transport,expense
2023-03-31,30.948837543628734,transport,expense
2023-04-01,62.72474750757851,entertainment,expense
2023-04-02,39.78609460491675,transport,expense
2023-04-03,28.429258549760064,food,expense
2023-04-04,32.101252929172695,transport,expense
2023-04-05,46.834722371920186,shopping,expense
2023-04-06,49.48357629903283,entertainment,expense
2023-04-07,36.17251005172129,food,expense
2023-04-08,70.90269096768537,entertainment,expense
2023-04-09,30.58495424873796,shopping,expense
2023-04-10,78.24894803182843,shopping,expense
2023-04-11,98.58288644024307,entertainment,expense
2023-04-12,76.00626384271185,shopping,expense
2023-04-13,50.79181059555898,entertainment,expense
2023-04-14,27.89487157698868,entertainment,expense
2023-04-15,1724.4071418357332,salary,income
2023-04-16,46.326739349950664,shopping,expense
2023-04-17,33.30473221215209,entertainment,expense
2023-04-18,36.0001641285634,food,expense
2023-04-19,28.651113089068964,shopping,expense
2023-04-20,21.16311148000575,food,expense
2023-04-21,67.14661531121236,entertainment,expense
2023-04-22,74.25945458452375,shopping,expense
2023-04-23,24.964846272765154,shopping,expense
2023-04-24,66.09002111897918,shopping,expense
2023-04-25,68.32166448393309,entertainment,expense
2023-04-26,60.03437986055398,shopping,expense
2023-04-27,86.858060966093,food,expense
2023-04-28,36.61990754240365,transport,expense
2023-04-29,30.849894333689186,entertainment,expense
2023-04-30,83.71330849784036,shopping,expense
2023-05-01,56.834007672618746,entertainment,expense
2023-05-02,30.20772081994368,shopping,expense
2023-05-03,45.12193557349074,transport,expense
2023-05-04,56.275318466167754,food,expense
2023-05-05,74.21381147511806,entertainment,expense
2023-05-06,37.53071319287946,entertainment,expense
2023-05-07,64.89796898787385,transport,expense
2023-05-08,24.12361196391157,food,expense
2023-05-09,25.31757729981859,entertainment,expense
2023-05-10,67.24866819110714,shopping,expense
2023-05-11,56.810161854840466,entertainment,expense
2023-05-12,52.86687765191779,food,expense
2023-05-13,27.4275400597461,transport,expense
2023-05-14,52.57107846780131,transport,expense
2023-05-15,1590.9005582888465,salary,income
2023-05-16,42.52436789617943,entertainment,expense
2023-05-17,54.91793653825809,food,expense
2023-05-18,0.0,shopping,expense
2023-05-19,40.73355270326788,entertainment,expense
2023-05-20,29.306847591261334,entertainment,expense
2023-05-21,95.31425380991385,food,expense
2023-05-22,52.32726902731921,entertainment,expense
2023-05-23,42.663446681858446,food,expense
2023-05-24,79.95553082484045,transport,expense
2023-05-25,80.79481525351757,transport,expense
2023-05-26,72.11809971834545,shopping,expense
2023-05-27,47.57840077181912,shopping,expense
2023-05-28,50.736242915308,entertainment,expense
2023-05-29,36.834195174815584,entertainment,expense
2023-05-30,42.151408910843685,food,expense
2023-05-31,61.11177369337874,shopping,expense
2023-06-01,98.585652859025,shopping,expense
2023-06-02,32.67608802613136,entertainment,expense
2023-06-03,0.0,shopping,expense
2023-06-04,73.54413596104499,food,expense
2023-06-05,62.74707365750791,entertainment,expense
2023-06-06,55.67180023045666,transport,expense
2023-06-07,99.93635680712993,entertainment,expense
2023-06-08,39.592357595952095,transport,expense
2023-06-09,44.57088529095853,entertainment,expense
2023-06-10,63.67344842833834,food,expense
2023-06-11,48.89105275772415,food,expense
2023-06-12,74.77391538128799,food,expense
2023-06-13,76.22311736225195,entertainment,expense
2023-06-14,1998.312771294524,salary,income
2023-06-15,26.70378121322793,food,expense
2023-06-16,62.181972128854284,food,expense
2023-06-17,36.85700338422871,shopping,expense
2023-06-18,56.847023580592136,shopping,expense
2023-06-19,57.34340320466868,transport,expense
2023-06-20,25.308151084315213,shopping,expense
2023-06-21,73.90441343043429,shopping,expense
2023-06-22,59.564045238035156,shopping,expense
2023-06-23,80.58733616696288,shopping,expense
2023-06-24,48.09429305709991,entertainment,expense
2023-06-25,48.8189583548032,shopping,expense
2023-06-26,85.78626171728334,transport,expense
2023-06-27,41.592825570940235,entertainment,expense
2023-06-28,75.15388444487466,entertainment,expense
2023-06-29,26.64999281305947,shopping,expense
2023-06-30,56.43101026094951,entertainment,expense
2023-07-01,64.33597595979,shopping,expense
2023-07-02,7.8647581720100845,food,expense
2023-07-03,55.271381470709684,transport,expense
2023-07-04,43.458948824918075,transport,expense
2023-07-05,52.66213804927926,shopping,expense
2023-07-06,47.355138917532344,food,expense
2023-07-07,67.62246278559051,shopping,expense
2023-07-08,64.0375156261584,food,expense
2023-07-09,18.157129444113444,shopping,expense
2023-07-10,67.48353834476646,food,expense
2023-07-11,76.0817692009399,shopping,expense
2023-07-12,86.77536847532747,entertainment,expense
2023-07-13,45.306813249068746,shopping,expense
2023-07-14,1914.9076887375359,salary,income
2023-07-15,52.875760198510584,food,expense
2023-07-16,33.955954315275974,shopping,expense
2023-07-17,42.49246088813824,entertainment,expense
2023-07-18,51.72850837572382,entertainment,expense
2023-07-19,45.71650925728999,food,expense
2023-07-20,54.045781127725775,food,expense
2023-07-21,45.175945003997086,food,expense
2023-07-22,48.33212757742233,food,expense
2023-07-23,0.0,food,expense
2023-07-24,55.7597518985465,food,expense
2023-07-25,65.67166137094586,shopping,expense
2023-07-26,62.72731455505861,entertainment,expense
2023-07-27,43.453596074502876,food,expense
2023-07-28,61.67909989756267,entertainment,expense
2023-07-29,11.910955194861678,transport,expense
2023-07-30,52.46212169175218,transport,expense
2023-07-31,68.48668565983564,entertainment,expense
2023-08-01,81.17442425686875,food,expense
2023-08-02,28.258552468609743,food,expense
2023-08-03,39.19493993328466,shopping,expense
2023-08-04,23.083364309151563,food,expense
2023-08-05,34.08620474009447,shopping,expense
2023-08-06,46.323062385562416,shopping,expense
2023-08-07,48.19251937763117,entertainment,expense
2023-08-08,69.54637032128659,entertainment,expense
2023-08-09,10.253196462795117,transport,expense
2023-08-10,44.850796301771496,transport,expense
2023-08-11,55.42781961995396,food,expense
2023-08-12,71.14385997969832,shopping,expense
2023-08-13,1773.3859753363624,salary,income
2023-08-14,76.96295697213942,entertainment,expense
2023-08-15,34.70109518243433,food,expense
2023-08-16,53.79127712869262,entertainment,expense
2023-08-17,30.14469648496359,shopping,expense
2023-08-18,43.521603669061406,food,expense
2023-08-19,76.59993675093314,entertainment,expense
2023-08-20,52.357690122067105,transport,expense
2023-08-21,46.57298014392763,food,expense
2023-08-22,34.91587837209906,shopping,expense
2023-08-23,70.96420537523457,entertainment,expense
2023-08-24,37.29545066941598,food,expense
2023-08-25,64.08444578968835,shopping,expense
2023-08-26,74.7802598403193,shopping,expense
2023-08-27,103.68691484846622,entertainment,expense
2023-08-28,28.85885664568448,transport,expense
2023-08-29,30.78407078324846,food,expense
2023-08-30,70.3671076845654,shopping,expense
2023-08-31,59.306923470532915,entertainment,expense
2023-09-01,34.98595945927403,shopping,expense
2023-09-02,49.10479384775653,entertainment,expense
2023-09-03,57.60396738306788,transport,expense
2023-09-04,46.407870044276486,transport,expense
2023-09-05,36.52151306540809,entertainment,expense
2023-09-06,19.49444930967867,shopping,expense
2023-09-07,30.684299597221106,transport,expense
2023-09-08,58.53653949532022,entertainment,expense
2023-09-09,27.92724257501204,shopping,expense
2023-09-10,52.71264017551907,entertainment,expense
2023-09-11,36.013635843446764,shopping,expense
2023-09-12,2348.193723728358,salary,income
2023-09-13,73.24916573184612,entertainment,expense
2023-09-14,84.54607850123915,food,expense
2023-09-15,54.4171774491892,shopping,expense
2023-09-16,62.5366731405626,food,expense
2023-09-17,53.72975907933901,entertainment,expense
2023-09-18,30.43087493201586,transport,expense
2023-09-19,20.977872256599834,food,expense
2023-09-20,36.91599430248645,entertainment,expense
2023-09-21,70.84720924985614,entertainment,expense
2023-09-22,71.33366217429005,entertainment,expense
2023-09-23,39.57028709288465,food,expense
2023-09-24,49.977064218490725,entertainment,expense
2023-09-25,35.55864014008745,entertainment,expense
2023-09-26,47.27323305971027,shopping,expense
2023-09-27,71.20791810467765,food,expense
2023-09-28,33.782977317186386,entertainment,expense
2023-09-29,94.36686966022774,transport,expense
2023-09-30,4.502264723552756,transport,expense
2023-10-01,26.129154511299383,entertainment,expense
2023-10-02,44.06453478068609,transport,expense
2023-10-03,42.84187870741932,transport,expense
2023-10-04,53.63529366399526,transport,expense
2023-10-05,15.813807095843785,transport,expense
2023-10-06,41.960248846487296,transport,expense
2023-10-07,64.60724380667892,shopping,expense
2023-10-08,45.951960227373114,food,expense
2023-10-09,51.539079804510905,shopping,expense
2023-10-10,30.166791147326688,entertainment,expense
2023-10-11,63.78863141030265,entertainment,expense
2023-10-12,2477.652604285255,salary,income
2023-10-13,34.61379951016131,transport,expense
2023-10-14,44.77341881097064,shopping,expense
2023-10-15,32.88865527153442,food,expense
2023-10-16,29.44126477853322,shopping,expense
2023-10-17,67.61428776012968,entertainment,expense
2023-10-18,83.8710158143071,food,expense
2023-10-19,71.24032353591076,transport,expense
2023-10-20,53.35035225060085,entertainment,expense
2023-10-21,59.76989344906485,shopping,expense
2023-10-22,97.2322288800938,transport,expense
2023-10-23,55.529922867477666,transport,expense
2023-10-24,0.0,transport,expense
2023-10-25,70.55764188041503,transport,expense
2023-10-26,36.949817191585524,shopping,expense
2023-10-27,22.161075185936873,transport,expense
2023-10-28,29.779164707803783,entertainment,expense
2023-10-29,26.645466247794786,entertainment,expense
2023-10-30,73.56456185765124,transport,expense
2023-10-31,30.337557308363166,entertainment,expense
2023-11-01,17.62389382284642,shopping,expense
2023-11-02,47.15629002023554,shopping,expense
2023-11-03,78.1451795012989,transport,expense
2023-11-04,60.57035768789852,entertainment,expense
2023-11-05,75.62785097965673,entertainment,expense
2023-11-06,57.21030429888995,food,expense
2023-11-07,20.54027224516489,food,expense
2023-11-08,44.06206297358991,entertainment,expense
2023-11-09,51.3772402923014,shopping,expense
2023-11-10,45.59027691665177,transport,expense
2023-11-11,2044.2034431459238,salary,income
2023-11-12,44.70770593255742,transport,expense
2023-11-13,57.285004244459785,shopping,expense
2023-11-14,54.52918062226894,shopping,expense
2023-11-15,44.7071462739855,entertainment,expense
2023-11-16,22.738433102046123,entertainment,expense
2023-11-17,50.52254945871578,transport,expense
2023-11-18,15.301447357298755,shopping,expense
2023-11-19,1.3164722831481512,transport,expense
2023-11-20,19.795395091662048,food,expense
2023-11-21,61.24688078468334,entertainment,expense
2023-11-22,42.243997822674544,entertainment,expense
2023-11-23,45.331344027122086,shopping,expense
2023-11-24,49.18411020430078,food,expense
2023-11-25,59.98179590106645,food,expense
2023-11-26,61.26919908366478,food,expense
2023-11-27,53.14217389006639,shopping,expense
2023-11-28,74.64427912679538,transport,expense
2023-11-29,58.62241928194818,entertainment,expense
2023-11-30,37.294167906278204,food,expense
2023-12-01,16.70215159742105,entertainment,expense
2023-12-02,78.40353925386746,transport,expense
2023-12-03,33.42144773990209,food,expense
2023-12-04,37.56596887522225,entertainment,expense
2023-12-05,71.1108920426395,shopping,expense
2023-12-06,105.0144606107466,entertainment,expense
2023-12-07,37.04854008851202,shopping,expense
2023-12-08,34.036187511574724,food,expense
2023-12-09,0.0,food,expense
2023-12-10,77.03005806912242,transport,expense
2023-12-11,2738.765040527631,salary,income
2023-12-12,26.873657753307114,entertainment,expense
2023-12-13,95.12544530275702,food,expense
2023-12-14,62.903382507456364,food,expense
2023-12-15,64.89982839228165,transport,expense
2023-12-16,72.11263383048141,food,expense
2023-12-17,68.43406970200706,food,expense
2023-12-18,69.403936533706,transport,expense
2023-12-19,25.901287975439228,entertainment,expense
2023-12-20,46.821285293424374,food,expense
2023-12-21,41.63057938965608,shopping,expense
2023-12-22,85.63073363934089,entertainment,expense
2023-12-23,29.89387953037067,shopping,expense
2023-12-24,60.58032599784217,food,expense
2023-12-25,51.13908880509796,entertainment,expense
2023-12-26,24.286351635066453,transport,expense
2023-12-27,49.2537518350673,shopping,expense
2023-12-28,24.771620164971985,transport,expense
2023-12-29,60.14682043785749,transport,expense
2023-12-30,43.47092221898633,entertainment,expense
2023-12-31,34.93631751192668,shopping,expense
